"MagazineName","Title","GameDate","PlayDate","PlayTime","Image","Description","SecondaryTitle","SecondaryDescription","BonusTitle","BonusDescription"
"Velora","Akadémia Lovcov príšer prijíma nových Mermelov","18-02-750","25-05-2026","18:30 - 21:30","Velora_01","Nová generácia mladých lovcov už stojí pred bránami Jazierchatskej ALP. Je plná odhodlaných, niekedy až príliš smelých jedincov. Dnes začína deň kedy sa všetky vydávajú na cestu, z ktorej sa nie každý vráti zmenený. Na teraz ich oči žiaria nádejou a ich čepele odrážajú ich odhodlanie. No prvé pády prídu rýchlo, prvé zlyhania sú nevyhnutné, keďže práve z nich sa rodí skutočná znalosť a sila. Preto ich čaká komplexná výučba prípravy taktiky, stopovania a boja s bytosťami, ktoré si bežný smrteľník radšej ani nepredstavuje.<br><br>Vydať sa na túto cestu je hodné úcty. Obetovať pohodlie za možnosť chrániť iných pred tým, čo číha vo svete je viac než len chváli hodné. Náš celý redakčný tím im praje pevné odhodlanie, bystré zmysly a priazeň všetkých bohov. Nech vám zbrane nezhrdzavejú a vaša žila nevyschne.","Princ Rueox na akademií","Princ sa cíti viac než schopný prebrať rolu lovca príšer. Verí, že medzi lovcami bude excelovať rovnako ako tomu bolo aj na kráľovských turnajoch. Jeho viera je oceľovo pevná a tak už s istotou vieme, že náš princ bude legendárny lovec. <img src='https://github.com/Beariar/ALP/blob/main/Udalosti/PrincovPrejav.jpg?raw=true' alt='PrincovPrejav'>","Rozkvetov v plnom prúde","S príchodom prvého svetla jari sa záhrady celého kráľovstva opäť rozžiarili paletou farieb. Pri AquaEvie už vidieť rozkvitnuté ruže sĺz. Ovocné stromy sú taktiež obsypané kvetmi. Druidovia z cechu poľnej včielky hlásia plné úli čo by mohlo byť predzvesťou bohatých osláv počas Hasetovho dňa (25. Vetrak). "
"Excelsior","Incident v meste Jazierchat","19-02-750","01-06-2026","18:30 - 21:30","Excelsior_00","V predobedňajších hodinách včerajšieho dňa došlo v meste Jazierchat k rozsiahlemu biologicko-esenčnému incidentu spôsobenému výskytom tzv. Pupákového draka (Draco pustularis – neoficiálne označenie používané medzi lovcami a akademickými znalcami). Jedinec zaútočil na mestské štruktúry z nízkej letovej výšky a počas pohybu nad mestom dochádzalo k opakovanému oddeľovaniu veľkých pustulárnych útvarov z jeho tela.<br><br>Pozorovania očitých svedkov a členov obranných zložiek naznačujú, že tieto biologické útvary nepredstavovali pasívny materiál, ale plne funkčné inkubačné jednotky. Po dopade dochádzalo k ich prasknutiu a následnému zrodu malých drakonických organizmov, medzi obyvateľstvom označovaných ako „pupákové dráčiky“. Tieto entity vykazovali extrémne agresívne správanie, nízku mieru sebazáchovy a schopnosť produkovať vysoko korozívnu kyselinu.<br><br>Sekundárna fáza incidentu bola charakteristická práve nekontrolovaným šírením týchto mláďat v hustej mestskej zástavbe. Viaceré exempláre po usmrtení explodovali, pričom do okolia rozptýlili kyselinový materiál a biologický obsah neznámeho pôvodu. Predbežné analýzy naznačujú možnú spojitosť medzi nestabilitou ich tiel a nadmerným presýtením korupčnou esenciou.<br><br>Napriek značným stratám na životoch civilného obyvateľstva bola hrozba eliminovaná v relatívne krátkom časovom horizonte. Významnú úlohu zohrala prítomnosť vedúcich fakúlt akadémie Lovcov Príšer, ktorí sa v tom čase nachádzali v meste pri príležitosti privítania nových prvákov. Ich okamžitá koordinácia obrany výrazne znížila rozsah katastrofy a zabránila úplnému prelomeniu mestských obranných línií.<br><br>Incident zároveň poukázal na rastúci fenomén eskalácie útokov esenčne deformovaných organizmov v posledných dňoch. Záznamy z viacerých regiónov naznačujú zvýšenú frekvenciu výskytu nestabilných mutácií, pričom prognostické modely Znalcov nepredpokladajú skoré upokojenie situácie. Naopak, existujú obavy, že súčasné útoky môžu predstavovať iba počiatočnú fázu rozsiahlejšej vlny biologicko-esenčných deformácií.<br><br>Pozitívnym aspektom celej udalosti je narastajúca aktivita novej generácie lovcov. Viacerí prváci sa počas obrany mesta prvýkrát zapojili do priameho konfliktu a preukázali značný potenciál. Mimoriadnu pozornosť vzbudil aj mladý artificier Ravorit Meden, ktorý len nedávno začal svoju cestu lovca.<br><br>Rozhovor s Ravoritom Medenom prinesieme v nasledujúcom článku.","Rozhovor s mladým artificierom Ravoritom Medenom","Medzi novými prvákmi, ktorí sa počas útoku na Jazierchat ocitli priamo v centre chaosu, zaujal pozornosť aj mladý artificier Ravorit Meden. Napriek nízkemu veku pôsobil pokojne a sústredene, pričom jeho technicky upravená zbroj vzbudila záujem nielen medzi občanmi, ale aj medzi členmi akadémie.<br><br>V krátkom rozhovore Ravorit opísal svoju víziu lovca pomerne jednoducho:<br><br>'Chcem, aby moja zbroj bola symbolom adaptácie. Aby sa dokázala meniť podľa situácie, nepriateľa aj prostredia. Tak ako je Majkyho zbroj symbolom odolnosti.'<br><br>Na otázku redaktora, či by si niekedy trúfol zmerať sily s legendárnym lovcom Majkym, sa mladý artificier iba pobavene zasmial.<br><br>'Skôr by som si s ním vymenil poznámky a znalosti než údery. Úprimne verím, že by som mu možno vedel pripraviť nejaký schopný update pre jeho zbroj. Ale bojovať proti nemu? Na to si určite netrúfam… a ani nemám dôvod.'<br><br>Aj napriek svojej skromnosti pôsobí Ravorit Meden ako jeden z najzaujímavejších nových talentov medzi nastupujúcou generáciou lovcov. V časoch, keď sa útoky esenčne deformovaných tvorov stupňujú, môžu byť práve adaptívne technológie a artificierske inovácie jedným z kľúčových faktorov budúcej obrany miest Axrie.","Letecká doprava v Jazierchate dočasne pozastavená","Mestská správa Jazierchat oznámila dočasné pozastavenie leteckej dopravy. Opatrenie priamo súvisí so včerajším útokom Pupákového draka a následnými poruchami v mestských hangároch.<br><br>Podľa predbežných správ došlo počas incidentu k poškodeniu viacerých lodí, keď sa v hangároch vyliahli menšie pupákové dráčiky. Tie narušili technické vybavenie, poškodili konštrukcie lodí a na viacerých miestach spôsobili kyselinovú koróziu.<br><br>Všetky letecké plavidlá preto musia prejsť kontrolou, čistením a opravou runových aj mechanických systémov. Prevádzka by mala byť obnovená približne do jedného mesiaca, ak sa počas revízií neobjavia vážnejšie poškodenia.<img src='https://github.com/Beariar/ALP/blob/main/Udalosti/Letec.jpg?raw=true' alt='Letec'>"
"Underprint","ZOBUĎTE SA, JAZIERCHA","20-02-750","04-06-2026","18:30 - 21:30","Underprint_00","<b>Nešíriť cez oficiálne kanály.<br>Nenechávať v internátoch.<br>Ak sa pýta stráž, nikdy ste to nečítali.</b><br><br>Naozaj to nikomu nie je divné?<br>Niekomu v tomto meste ešte stále pripadá normálne, čo sa deje za múrmi akadémie? Čo sa deje v noci, keď sa svetlá na chodbách samé trasú, keď študentov budia zvuky spoza stien a všetci sa ráno tvária, že nič nepočuli?<br>Pretože taniere, áno. Rozbitý tanier v jedálni? Hluk pri obede? Náhodne prevrhnutý pohár? Vtedy sa stráže zjavia rýchlejšie než hladný potkan pri odpade. Vtedy sa vinníci okamžite berú bokom, vypočúvajú, zapisujú, napomínajú.<br>Ale tie hlasy v noci?<br>Tie nikto nerieši.<br>Tie zvuky pod mestom?<br>O tých sa nepíše.<br>Ten tieň, ktorý sa včera pretiahol ulicami ako rozliata čierna krv?<br>Ticho.<br>Nikto nič nevidel. Nikto nič nepočul. Nikto nič nevie.<br>A čo tá krv na dlažbe pri [ZAČIERNENÉ]? Videli ste ju. Niektorí z vás ju videli. Bola tam večer. Bola tam v noci. Ťahala sa medzi kameňmi, akoby niečo veľké vlieklo korisť cez ulicu.<br>A ráno?<br>Čisté.<br>Umyté.<br>Zmiznuté.<br>Akoby sa nič nestalo.<br>Máme tu problém. Nie jeden. Celé mesto páchne problémom. Páchne kyselinou, mokrým kameňom, spálenými runami a lžami ľudí, ktorí nosia pekné plášte a hovoria nám, že všetko je pod kontrolou.<br>Nie je.<br>Akadémia nie je tým, za čo sa vydáva. Nie úplne. Nie pre nás. Nie pre tých, čo musia v noci zamykať okná, počúvať škriabanie v uličkách a ráno predstierať, že tie stopy na prahu sú len blato.<br>A tí „hrdinovia“?<br>Koľkí z nich riešia skutočný problém?<br>Koľkí len stoja na schodoch, mávajú prvákom, rečnia o odvahe a čakajú, že im niekto naspäť zatlieska?<br>Nepotrebujeme ďalších darmožráčov v naleštených zbrojach. Nepotrebujeme ďalších lovcov, čo sa hrajú na legendy, zatiaľ čo tiene lozia pod ich vlastnými oknami.<br>Potrebujeme niekoho, kto príde dolu. Do ulíc. Do pivníc. Do kanálov. Do miest, o ktorých sa na nástenkách nepíše.<br>Potrebujeme niekoho, kto nájde tie monštrá.<br>Tie príšery.<br>Tie tiene!<br>A niekoho, kto prestane zametať krv skôr, než sa mesto zobudí.<br>Lebo raz sa ráno nezobudíme vôbec!<br><img src='https://github.com/Beariar/ALP/blob/main/Udalosti/ZivyTienHradbyAkademie.jpg?raw=true' alt='ZivyTienHradbyAkademie'>","BUĎ ZMENA!","Aj ty môžeš zmeniť ako to tu funguje, stačí mať otvorené oči a nenechať si liať klamstvá do hlavy. Každý sa ťa bude snažiť zmanipulovať ale prvý, krok je nedať sa!","POLNOČNÝ TIEŇ V SOSTROVE","<b>Oficiálna verzia je jednoduchá a falošná.</b><br>V Sostrove padla šachta. Nie prvá. Nie posledná. Ale táto patrila rodu Sartén, takže sa o nej bude hovoriť opatrne. S čistými slovami. S uhladenými vetami. S takou tou špinavou zdvorilosťou, ktorou bohatí zakrývajú krv pod nechtami. Šachta sa zrútila a niekto musel niesť vinu. Nie rod Sartén, samozrejme. Nie tí, ktorí odmietli zaplatiť za pevnejšie podpery. Nie tí, ktorí škrtali materiál. Nie tí, ktorí nepovolili rozšírenie bezpečnostnej infraštruktúry, hoci baníci opakovane hlásili praskliny, vlhkosť v nosných stenách a neprirodzený pohyb horniny. Nie...<br>Vinu hodili na mladých baníkov. Na tých, čo prežili. Lebo mŕtvi sú príliš ľahký cieľ ale chudobní? Tý nemajú dosť mincí, aby ich pravda znela nahlas. Stráže prišli rýchlo. Nie zachraňovať. Nie vyšetrovať. Prišli spísať mená a nájsť obetných baránkov. Vraj nedodržali bezpečnostné opatrenia. Vraj zanedbali postup. Vraj ich nedbalosť stála životy. <br>Klamstvo!<br>Bezpečnostné opatrenia nemôžete dodržať, keď vám ich niekto nikdy nedá. Podpery nemôžete postaviť z prázdnych skladov. Infraštruktúru nemôžete udržiavať, keď vám ju vlastník zakáže rozšíriť, lebo „výnos by klesol“. Ale toto oficiálne spisy nespomenú. Spisy majú rady jednoduché príbehy. Chudobný vinník. Bohatý poškodený. Stráž ako spravodlivosť. Pečať ako pravda. <br><br>Potom prišiel Polnočný tieň. Nie s prejavom. Nie s fanfárami. Nie so žiadosťou o povolenie. Prišiel v noci, keď prevážali banníkov na ortieľ skôr, než by niekto vôbec vypočul ich slová. A zrazu sa stráže báli tmy, lebo v nej bol niekto, kto nebral úplatky. Niekto, kto sa nezľakol mena Sartén. Niekto, kto pochopil, že zákon bez pravdy je len obušok s pečaťou. Polnočný tieň zabránil prevozu baníkov. Zmizli skôr, než ich systém stihol pochovať zaživa pod papiermi. A vraj kvôli polnočnému tieňu zmizli aj dôkazy, ktoré ešte predtým údajne ani neexistovali: záznamy o nedodanom materiáli, zamietnuté žiadosti o opravy, podpisy správcov, varovania pred kolapsom.<br><br>Čo bude písať oficiálna tlač? Že samozvanec napadol stráže. Že neznámy narušiteľ ohrozil poriadok. Že Polnočný tieň je problém. Nie! Problém je šachta, ktorá padla, lebo bola lacnejšia než ľudský život. Problém je rod sebestredných namyslených [ZAČIERNENÉ] [ZAČIERNENÉ] [ZAČIERNENÉ] [ZAČIERNENÉ], ktorý zarobil na každom nevymenenom tráme. Problém sú stráže, ktoré sa nepozreli hore na vlastníkov, ale dole na baníkov. Peniaze sú silnejšie než fakty. Ale našťastie Polnočný tieň bojuje za fakty.<br><br>Nie za pohodlnú pravdu.<br>Nie za pravdu schválenú pečaťou.<br>Nie za pravdu, ktorú si môžu kúpiť rody so zlatom v pivniciach.<br><br>Za skutočnú spravodlivosť. A presne preto o ňom budú hovoriť ako o zločincovi. Pretože keď zákon slúži vinníkom, ten, kto bráni nevinných, musí byť podľa nich nepriateľ.<br><br>Preto keď nabudúce budete čítať, že niekto „zaútočil na stráže“, položte si otázku:<br>Koho tie stráže práve chránili, ľud či peniaze?"
"Bastion","Zbraň Damiana: 'THUNDERSTRIKE'","21-02-750","11-06-2026","18:30 - 21:30","Bastion_00","Najznámejšou zbraňou Damiana Colta je Thunderstrike, ťažký semi-magický revolver navrhnutý na extrémny tlak, krátke rozhodovacie okná a deštrukciu cieľa aj pri neideálnom zásahu.<br>Nejde o elegantnú pištoľ pre duelantov. Thunderstrike nie je zbraň, ktorá odpúšťa slabé držanie, zlý postoj alebo váhanie. Je to masívny šesťranný revolver s posilnenou hlavňou, pretlakovou komorou a runovo spevneným rámom. Konštrukčne je stavaný tak, aby vydržal náboj s podstatne vyššou výbušnou energiou než bežné služobné revolvery.<br>Výsledok je jednoduchý: výstrel má nadmernú priebojnosť, drvivý náraz a zvukový ráz, ktorý sa na bojisku nedá zameniť za nič iné. Keď Thunderstrike vystrelí, neznie ako pištoľ, znie ako úder búrky do kovu. <br>Zbraň používa šesťranný bubon klasického revolverového typu. Kapacita je obmedzená, ale zámerne. Každý výstrel má význam. Thunderstrike nie je určený na plytvanie muníciou ani na zasypanie cieľa paľbou. Je určený na zastavenie veľkého nepriateľa, prelomenie panciera, rozbitie krytu alebo vytvorenie krátkeho, brutálneho okna pre postup jednotky.<br>Jeho účinný dostrel je kratší než pri ľahších presných zbraniach, pretože sila náboja a spätný ráz obmedzujú jemnú kontrolu na väčšie vzdialenosti. V strednom dosahu je však účinok zbrane mimoriadny. Thunderstrike nemusí zasiahnuť dokonale, aby cieľ zničil, stačí len zasiahnuť a nechať drvivý silu prehovoriť.<br>Najväčšou slabinou zbrane je spätný ráz. Slabší strelec by bol pri výstrele zatlačený dozadu, stratil by stabilitu alebo by úplne rozbil palebnú pozíciu. Z tohto dôvodu sa Thunderstrike nepovažuje za vhodnú zbraň pre bežných členov fakulty. Vyžaduje silu, pevný postoj a skúsenosť so zbraňami vysokej energie. Damian tento spätný ráz zvláda bez viditeľného zaváhania. Pri výstrele zostáva stáť. Nie preto, že by spätný ráz vedel presmerovať, ale preto, že je to lovec, ktorý pod tlakom nepovolí.<br><br>ŠPECIÁLNE FUNKČNÉ REŽIMY<br>Thunderstrike je vybavený aj modifikovaným komorovým mechanizmom pre špeciálnu muníciu. Najznámejším režimom je tzv. Shockwave Blast — upravený výstrel, pri ktorom strela po dopade nespôsobí iba priebojný zásah, ale uvoľní nahromadenú hromovú energiu v krátkej tlakovej vlne. Tento režim je určený na rozbitie skupiny nepriateľov, narušenie formácie alebo odrazenie tvorov, ktoré sa dostali príliš blízko k línii obrany. Výbuch nepôsobí ako plameň ani šrapnel. Je to komprimovaný úder zvuku a sily, ktorý trhá rovnováhu, láme nástup a vytláča cieľ z pozície. Zbraň však takýto výstrel neznesie opakovane v krátkom čase. Po použití musí mechanizmus vychladnúť, runy sa musia stabilizovať a tlakové vedenia nesmú byť znovu preťažené. V opačnom prípade by hrozilo poškodenie komory alebo zlyhanie bubna.","Damina Colt preberá velenie","Po náhlom skone Bolivara Granta prechádza velenie fakulty Popravcov do rúk Damiana Colta. Rozhodnutie bolo potvrdené bez zbytočného odkladu, čo zodpovedá súčasnej operačnej situácii: nestabilné hrozby narastajú, útoky sa zrýchľujú a fakulta nemôže zostať bez pevného vedenia ani jediný deň.<br><br>Damian Colt nie je veliteľom akademického typu. Nie je známy ako muž dokonalých máp, presných tabuliek a dlho pripravovaných plánov. Nebojuje tak, že by nepriateľa rozobral na výpočty a následne ho porazil podľa predpísanej schémy. Jeho sila leží inde. Damian víťazí preto, že reaguje skôr než ostatní.<br><br>Tam, kde iný strelec ešte len mieri na stred terča, Damian už stlačil spúšť. Tam, kde sa plán začne rozpadať on už improvizuje. Prispôsobí sa. Prevezme priestor, ktorý a premení chaos na výhodu. Každý jeho návyk vznikol z bojov, kde mu nikto nedal druhú šancu a kde chyba neznamenala poznámku v zázname, ale meno vyryté na pamätnej doske. Mnohí ho opisujú ako šťastného hrdinu. Ako muža, ktorému veci vychádzajú, pretože má odvahu stáť tam, kde by iný ustúpil. Tento pohľad je neúplný. Damian Colt si veľmi dobre pamätá aj víťazstvá, ktoré neboli čisté. Víťazstvá, po ktorých sa počítali straty. Víťazstvá, pri ktorých prežil on, ale nie všetci vedľa neho. Práve preto nepôsobí ako čistý dôstojník zo slávnostného portrétu. Pôsobí ako lovec, ktorý už videl dosť rozbitých plánov na to, aby im slepo veril.<br><br>Fakulta Popravcov tak získava veliteľa, ktorý nebude viesť len z tabule, ale z línie kontaktu. Nie ako dokonalý stratég, ale ako človek, ktorý rozumie najtvrdšiemu pravidlu skutočného boja: prežije ten, kto sa dokáže pohnúť v správnej sekunde.","Nezabudnite na svoje oleje","Každý lovec vie, že nie každá príšera padne na obyčajnú oceľ. Niektoré tvory vzdorujú seku, bodnutiu aj drveniu, no podľahnú ohňu, mrazu, kyseline alebo čistej mágii. Práve preto existujú magické oleje na zbrane.<br>Olej po nanesení dočasne zmení typ poškodenia zbrane. Meč už nemusí sekať, môže páliť. Kladivo nemusí len drviť, môže búšik.. Ako blesk či hrom. Sekera nemusí rezať, môže rozkladať kyselinou.<br>Oleje sa delia podľa intenzity na tri stupne:<br><br>Minimus — slabší účinok, nižšia sila zásahu, ale správny typ poškodenia.<br>Medianus — zachová pôvodnú silu zbrane, zmení len typ poškodenia.<br>Maximus — zosilnený účinok, určený pre vážne hrozby a rozhodujúce zásahy.<br><br>Podľa typu poškodenia sa oleje delia do piatich tried:<br><br>Basic — oheň a mráz.<br>Searing — jed a kyselina.<br>Storm — blesk a hrom.<br>Exalted — žiarivé a nekrotické poškodenie.<br>Invisible — silové a psychické poškodenie.<br>Nanesenie oleja trvá približne päť minút. Na zbrani vydrží päť hodín, no po aktivácii pôsobí iba desať minút. Aktivácia je okamžitá, ale po použití je olej spotrebovaný.<br>Na zbraň môže byť naraz nanesený iba jeden olej. Počas účinku zbraň zvyčajne stratí svoj pôvodný typ poškodenia, ak nemá špeciálnu vlastnosť <b>Flowing</b>.<br>Neskúsený bojovník si vezme najväčšiu zbraň.<br>Skúsený lovec si vezme správny olej.<img src='https://github.com/Beariar/ALP/blob/main/Udalosti/Oils.jpg?raw=true' alt='Olej'>"
"Kringar","ZAPRASKAŤ VÄZY","22-02-750","12-06-2026","18:30 - 21:30","Kringar_01","PRI KAMARÁTSKEJ MLÁTIČKE ZAPRASKALI VÄZY Pohreb Bolivara Gratsa mal byť deň smútok. Namiesto len plaču všetci zas vidieť, prečo meno Grats robí žalúdok tvrdý a kolená mäkké. <br> Počas čestnej bitky medzi lovci nastúpiť mladá Dytria Grats proti Roderick. Na papier vraj kamarát-sky zápas. Pocta mŕtvy otec. Silná udalosť pre lovci, liečitelia a mäkké hostia čo radi pozerať boj z bezpečná vzdialenosť. <br> Ale Dytria neprísť ukazovať pekná technika. <br> Dytria prísť lámať. <br> Roderick vyraziť prvý. Veľký rev. Veľká sila. Veľa sebavedomie. Myslieť si, že drží boj v ruka. A plameň letel. <br> Dytria len uhnúť bokom. <br> Žiadny rev. Žiadny hnev. Žiadne theateral. <br> Len krok. <br> Potom druhý. <br> Potom rana. <br> A ďalšia. <br> Ona dostať pár zásah. <br> Tak čo? <br> Krv tiecť. <br> Bolesť prísť. <br> Ale Dytria ďalej ísť. <br> Ako keby bolesť len otravná mucha pri ucho. <br> Neustúpiť ani krok. Neplakať. Nehľadať rozhodca. Nečakať pomoc. <br> Len tlačiť dopredu. <br> Potom chytiť Roderick okolo krk. <br> Na chvíľa ticho. <br> Také ticho, čo nemáť rád nikto. <br> A potom... <br> KRAK. <br> Suchý zvuk. <br> Zvuk, čo každý bojovník pozná a nikto nechce počuť na vlastné telo. <br> Aj starí veteráni stuhnúť ako zamrznuté hovädzie. <br> Roderick spadnúť na zem ako vrece kameň. <br> Liečitelia okamžite pribehnúť a zachrániť jeho zadok pred cesta za predkami. Bez nich by mať pohreb o jeden rakva viac. <br> Dytria? <br> Dytria nič. <br> Nejasať. <br> Neplakať. <br> Neospravedlňovať sa. <br> Len stáť. <br> Tvár tvrdá ako stará vojnová sekera. <br> Ruky pokojné. <br> Oči chladné. <br> Ako keby práve nerozdrvila rohaty-syn krk skoro na kusy. <br> Niektorí hovoriť, že zašla ďaleko. <br> Ale kto poznať rod Grats, ten vie pravda. <br> Grats nikdy nenosiť mäkké rukavice. <br> Grats učiť deti prežiť cez modriny. <br> Cez jazvy. <br> Cez krv. <br> Cez tvrdá hlava a ešte tvrdšie päste. <br> V ten deň všetci pochovávať Bolivara. <br> A jeho dcéra ukázať celému zhromaždenie, že starý tieň ešte stále chodiť po bojisko. <br> Zápas skončiť. <br> Roderick žiť. <br> Liečitelia odviesť dobrá, pekná robota. <br> Ale každý, kto to vidieť na vlastné oči, pamätať len jedna vec: <br> Dytria Grats neserie sa s nikto. <br> A ak sa postavíš pred ňu, radšej modliť sa, aby prasknúť bolo drevo pod nohy a nie tvoje väzy. <br><img src='https://github.com/Beariar/ALP/blob/main/Udalosti/RestoredAlive.jpg?raw=true' alt='ZivyTienHradbyAkademie'>","ŽELEZO NEKLAME","Silový tréning nie je paráda. <br>Je to príprava tela na deň, keď niečo ťažké dopadne na vás. <br> Lovec, ktorý nevládze zdvihnúť vlastný štít, neudrží líniu. Lovec, ktorý nemá pevný chrbát, padne pod prvým nárazom. Lovec, ktorý nemá úchop, pustí zbraň presne vtedy, keď ju najviac potrebuje. <br> Silový tréning buduje viac než svaly. <br> Buduje kosti. Šľachy. Postoj. Výdrž pod tlakom. Schopnosť niesť zraneného spolubojovníka, odtiahnuť bránu, zadržať čeľusť monštra alebo ešte raz vstať, keď už telo kričí, že dosť. <br> Na túto tému sme sa krátko rozprávali s Gentou Rabdos — ženou, ktorá nevyzerá, že by posilňovňu navštevovala. Vyzerá, že ju postavila. <br> Prečo je podľa teba silový tréning dôležitý? <br> „Lebo sila rozhoduje, keď technika zlyhá. Keď sa plán rozpadne, keď sa podlaha prepadne, keď niekoho musíš vytiahnuť spod trosiek. Vtedy ti nepomôže pekná teória. Vtedy rozhodne telo.“ <br> Trénuješ klasicky, alebo máš vlastný systém? <br> „Mám rada magické váhy. Nie obyčajné železo. Váhy, ktoré vie partner upraviť počas série. Pridá odpor, uberie odpor, zmení ťažisko. Nemusím nič púšťať. Nemusím prestať. Nestratím ani jeden moment tréningu.“ <br> Nie je to nebezpečné? <br> „Samozrejme, že je. Preto to má robiť niekto, kto vie, čo robí. Partner nie je dekorácia. Sleduje dych, postoj, tras rúk. Keď pridá váhu v zlom momente, zlomí tréning. Keď ju pridá správne, zlomí slabosť.“ <br> Čo by si odkázala mladým lovcom? <br> „Nečakajte, kým vás boj naučí, že ste slabí. Železo vám to povie skôr. A železo je milosrdnejšie než monštrum.“ <br> Sila nie je všetko. <br> Ale keď príde náraz, je to prvá vec, ktorá drží vaše kosti pokope. <br> Trénujte. Ťažko. Správne. A často.","ELIXÍR TVRDEJ VÔLE","Keď krv vrie, srdce reve a sebavedomie musí stáť ako pevnosť v horách. <br> Nie každý boj sa vedie mečom. Nie každý výkon sa meria na bojisku. A niekedy aj ten najväčší bojovník potrebuje malú fľaštičku, čo mu pripomenie, že telo je chrám, pevnosť a obliehacie kladivo v jednom. <br> Preto prichádza Elixír tvrdej vôle. <br><br> Hustý. Horký. Silný. <br> Taký, že po prvom dúšku sa chrbtica narovná, pohľad zostrie a sebavedomie stojí pevne ako hory po zimnom mraze. <br> Žily sú bujaré ako jarná rieka. Duch sa zdvihne ako vojnová zástava. A muž, ktorý pred chvíľou pochyboval, zrazu kráča s istotou orka, čo práve našiel väčšiu sekeru. <br> Podľa miestnych alchymistov elixír podporuje krvný obeh, bojovú náladu a „hrdinské držanie tela“. Podľa miestnych orkov „funguje dobre, ak nezomrieš od hanby pri kúpe“. <br> Chuť je vraj zmes zázvoru, koreňa ohnivca, horskej žihľavy a niečoho, čo výrobca odmieta pomenovať, len sa pri tom smeje a ukazuje na kozu. <br> Odporúčané použitie: <br>-Jeden dúšok pred plánovaným večerom. <br>-Dva dúšky iba pre odvážnych. <br>-Tri dúšky iba pre tých, ktorí už spísali závet. <br><br> Nepoužívať pred jazdou na koni, rokovaním s kráľovnou, výsluchom, formálnym plesom alebo zápasom v tesnej zbroji. <br> Nemenovaný bojovník z Dolnej arény hodnotí elixír stručne: <br> „Dobré. Silné. Trochu páli. Ale potom človek stojí, ako keby ho osobne požehnal náčelník a kopol do zadku boh hromu.“ <br><br> Elixír tvrdej vôle nie je náhrada odvahy. Je to len malá fľaša, ktorá jej dá obuť železné čižmy. <br> Upozornenie: Ak efekt trvá dlhšie než jeden short rest, navštívte svojho lokálneho šamana, liečiteľa alebo alchymistu. Ak sa vám šaman začne smiať, navštívte iného."
"Luminara","Svetlo tradície Žiarivvej Prítomnosti",28-02-750","18-06-2026","18:30 - 21:30","Luminara_00","Nie každá modlitba znie rovnako. Nie každý chrám vonia tým istým kadidlom. Nie každý veriaci kráča k božstvu tou istou cestou. V Axrii sa viera nedelí iba podľa mien bohov, svätých znamení a posvätných domén. Delí sa aj podľa spôsobu, akým sa smrteľník k božstvu približuje. Pretože boh nie je len meno vyryté do oltára. Boh je aj zrkadlo, v ktorom veriaci hľadá odpoveď na vlastnú dušu. pRETO hlavná náboženská otázka neznie iba: <br> <b>„Ktorého boha uctievaš?“</b> <br>Ale skôr ako: <br><b>„Ako k božstvu pristupuješ?“</b> <br>Práve na túto otázku odpovedá šesť veľkých tradícií viery. <br><b>Žiarivá prítomnosť.</b> <br><b>Pokorný kódex.</b> <br><b>Úplná oddanosť.</b> <br><b>Krb kaplnky.</b> <br><b>Pohrebný úrad.</b> <br><b>Spútaná radosť.</b> <br>Každá z nich môže viesť k tomu istému bohu, no každá odhalí inú tvár jeho moci. Ten istý boh. Šesť ciest a šesť odpovedí: <br>Ak je boh ohňa uctievaný prostredníctvom <b>Žiarivej prítomnosti</b>, jeho plameň je odvaha, sláva a výkrik po víťazstve. Je to oheň pochodne nesenej pred davom. Oheň hrdinu, ktorý stojí na schodoch chrámu, keď ostatní ustupujú. <br>Ak je uctievaný prostredníctvom <b>Pokorného kódexu</b>, jeho plameň je skrytá sila pod kontrolou. Nie požiar. Nie výbuch. Ale uhlík, ktorý nevyhasne ani pod popolom. Moc, ktorá čaká, kým ju disciplína dovolí použiť. <br>Ak je uctievaný prostredníctvom <b>Úplnej oddanosti</b>, oheň sa stáva očistením cez bolesť. Plameň, ktorý spaľuje slabosť, pýchu a váhanie. Nie každý, kto touto cestou kráča, hľadá pohodlie. Niektorí hľadajú premenu. <br>Ak je uctievaný cez <b>Krb kaplnky</b>, jeho podoba je svieca, ktorá nikdy nesmie zhasnúť. Teplo pre chudobných. Svetlo pre deti. Oheň v miske polievky, v lampáši pri lôžku chorého, v domove, ktorý zostal otvorený aj počas búrky. <br>Ak je uctievaný v <b>Pohrebnom úrade</b>, oheň nesie popol, kremáciu, popravu a konečný súd. Je to plameň, ktorý oddeľuje život od smrti, vinu od rozsudku, telo od mena. Tichý, vážny, neúplatný. <br>A ak je uctievaný cez <b>Spútanú radosť</b>, jeho plameň je vášeň, teplo, oslava a túžba — ale nie bez hraníc. Je to radosť, ktorá pozná reťaz. Telo, ktoré pozná zmysel. Smiech, ktorý nie je únikom pred zodpovednosťou, ale jej korunou. <h3>ŽIARIVÁ PRÍTOMNOSŤ</h3> Medzi šiestimi tradíciami stojí <b>Žiarivá prítomnosť</b> ako zlatý prapor vo vetre. Jej základom je sláva, hrdinstvo a inšpirácia. Učí, že viera nemá byť ukrytá v prachu uzamknutých miestností, ale má byť videná, cítená a zapamätaná. Nie preto, aby sa bytosť vystavovala z márnivosti, ale preto, aby sa ostatní mali ku komu zdvihnúť zrak. <br>Kňazi a kňažky Žiarivej prítomnosti veria, že smrteľník môže byť nositeľom božského svetla. Nie bohom samotným, nie náhradou za nebesia, ale zrkadlom, v ktorom sa božia krása na okamih stane pochopiteľnou pre dav. Ich viera žiary cez odvahu a krásu. Sú verejný príklad. Sú to ich skutky, ktoré niekto uvidí a vďaka nim sa prestane báť. V očiach týchto kňazov a kňažiek nie je hrdinstvo len bojom proti príšere. Hrdinstvo je aj schopnosť postaviť sa pred ľudí, keď je mesto otrasené. Prehovoriť, keď sa ostatným láme hlas. Niesť svetlo, keď tiene tvrdia, že už vyhrali. <br><br>Chrámy Žiarivej prítomnosti sú svetlé a otvorené. Ich dvere sa nezatvárajú pred davom. Ich okná sú vysoké, často vyplnené vitrážami, cez ktoré ranné slnko padá na podlahu ako požehnanie rozliate v zlate. Vo vnútri visia zástavy, ligotavé ikony, hrdinské sochy, ceremoniálne zbrane ale aj mená svätcov, paladinov, padlých ochrancov a obyčajných ľudí, ktorí v správnej chvíli dokázali viac, než od seba čakali. <br>Hymny sa v týchto kaplnkách nespievajú potichu. Majú sa niesť. Majú sa odraziť od kameňa a vystúpiť až do ulíc. Požehnania sa často udeľujú verejne, aby každý videl, že nádej nie je súkromná slabosť, ale spoločné svetlo. <br>Žiarivá prítomnosť nemá rada vieru, ktorá sa hanbí sama za seba. Viera má podľa nej pozdvihnúť hlavu. Narovnať plecia. Vystúpiť nad ostatných a stáť tam, kým sa bojazliví znovu nenaučia dýchať. <br><br>Veľkňažka Valiana Kajna je jednou z najviditeľnejších predstaviteliek Žiarivej prítomnosti. Nie preto, že by jej tradícia vyžadoval len krásu, ceremóniu a zlaté svetlo, ale preto aj preto, že táto tradícia od svojich vodcov žiada prítomnosť a prácu s bytosťami. Valiana nikdy nestojí mimo ľudí. Vystupuje pred nich. Nesie rituály na námestia, do kaplniek, na bojisko, medzi zranených, vystrašených a pochybujúcich. Jej úloha nie je len vysloviť slová viery, ale stať sa okamihom, ktorý si ľudia zapamätajú. Keď sa koná požehnanie jari, má byť viditeľné. Keď sa vzýva ochrana mesta, má ju počuť dav. Keď sa hovorí o odvahe, nemá to byť čítaný text z knihy. Má to byť hlas, postoj a pohľad, ktorý pripomenie, že božstvo nie je vzdialené, ak sa jeho svetlo odváži niesť smrteľník, dejú sa zázraky. Práve preto Žiarivá prítomnosť priťahuje hrdinov, paladinov, charizmatických kňazov, verejných ochrancov, ceremoniálnych bojovníkov a všetkých, ktorí veria, že aj žiť príklad môže byť modlitbou. Nie každý túto tradíciu chápe. Niektorí ju obviňujú z pýchy. Iní z divadla. No jej nasledovníci odpovedajú jednoducho: Ak by bohovia nechceli aby sme žiarili nedali by nám oči. <h3>MORÁLNA SKÚŠKA SVETLA</h3> Žiarivá prítomnosť však nie je len nádhera. Svetlo je krásne, ale aj nemilosrdné. Ukazuje špinu na rukách, trhliny v zbroji aj strach v očiach. Kto kráča touto tradíciou, musí si položiť ťažkú otázku: <b>Som svetlom, alebo len túžim, aby sa na mňa pozerali?</b> <br>To je veľká skúška Žiarivej prítomnosti. Lebo sláva môže inšpirovať, ale môže aj opiť. Krása môže pozdvihnúť, ale môže aj zaslepiť. Verejný čin môže zachrániť mesto, ale ak je vykonaný len pre potlesk, je prázdny ako pozlátený džbán. Preto pravá Žiarivá prítomnosť nie je prázdne predvádzanie. Je to odvaha byť videný práve vtedy, keď to niečo stojí. Stáť v prvom rade, keď padajú kamene. Položiť ruku na rameno vystrašeného dieťaťa, keď sa dav trasie. Vstúpiť do chrámu so zraneniami, ale stále spievať hymnu. Prijať obdiv, ale nezabudnúť, komu patrí svetlo.","Moc jary a Tenká hranica Lesov Života","Keď sa jar vracia do zeme, nevracia sa potichu. <br> Prvé púčiky nie sú len znamením tepla. Prvá tráva nie je len zeleňou po zime. Spev vtákov, miazga v stromoch, vietor nad poľami a vôňa mokrej hliny. To všetko sú dôkazy, že svet znovu stále dýcha. A keď Axria dýcha hlbšie, hranice medzi pláňami sa stenčujú. <br> Najmä hranica medzi naším svetom a Lesmi Života. <br> Staré rukopisy ju opisujú ako miesto zlatej rosy a koreňov, ktoré si pamätajú mená bytostí dávno pred narodením človeka. Je to miesto kde pravidlá života a spoločnosti fungujú inak. A práve preto môže byť nádherný aj smrteľne nebezpečný. <br> Počas jarných dní, keď sa príroda prebúdza a rituály obnovy napĺňajú chrámy spevom, môžu vzniknúť zvláštne konjunkcie. Silná mágia, podobnosť legiend, posvätné miesta počas intenzívnych obradov alebo náhly výboj esenčnej energie dokážu nazrušiť plášť medzi pláňami. Tam, kde sa stretne správne slovo, správna pieseň, správna krv a správny okamih, môže sa otvoriť nestabilný prechod. <br> Niekedy len ako záblesk medzi stromami. Niekedy ako kruh kvetov, ktorý pred chvíľou neexistoval. Niekedy ako dvere z lístia a svetla, ktoré sa zatvoria skôr, než niekto stihne pochopiť, že už nestojí v Axrii. <br> Kňazi a učenci preto varujú: <b>Lesy života nie sú nepriateľské, ale neodpúšťajú neúctu.</b> Kto pozná ich tradície, môže v nich nájsť liečivú moc, požehnanie jari, odpovede starých koreňov a zázraky, aké náš svet vidí len v legendách. <br> Kto však vstúpi bez znalosti pravidiel, bez úcty k miestnym duchom, bez daru, bez piesne alebo bez povolenia, môže sa stať votrelcom v mieste, kde aj kvety majú pamäť a ticho má vlastný rozsudok. <br> Neberte si nič, čo vám nebolo dané! <br> Nevyslovujte mená, ktoré nepoznáte! <br> Nenasledujte svetlá medzi stromami, ak ste nepočuli ich pozvanie! <br> A ak počas jarného rituálu zbadáte, že tieň stromu padá rovnakým smerom ako slnko, neopúšťajte kruh modlitby! <br><br> Jar je dar. Život je dar. Ale každý dar má svoju cenu, ak sa po ňom natiahne ruka bez pokory. <br> Nech nás Moc Jary obnoví, nie pohltí.","Bohovia Lesov Života","V Lesoch života neprišli bohovia ako prví. Najskôr bol svet. Nebol tichý, nebol prázdny, naopak, prekypujúci koreňmi, dychom, spevom a nespútanou vôľou rásť. Lesy života vznikli ako protiváha voči prázdnu, ktoré nemalo rivala, ako odpoveď života na večné ticho za hranicami sveta. A z tohto sveta sa zrodili jeho bohovia. Neboli to oni, kto dal Lesom život. Boli to Lesy, ktoré dali život im. <br> Každé božstvo tejto pláne je inou tvárou jej duše. Ich radosť je radosťou sveta. Ich hnev je hnevom koreňov. Ich nápady, spory, túžby a omyly sú pohybom samotných Lesov života. Preto nie sú vzdialení a chladní. Sú prepletení s každým listom, s každou riečkou, s každým kvetom, ktorý rozkvitne bez mena. <br>No tam, kde je veľa života, je aj veľa vášne. A kde je vášeň, tam prichádza nesúhlas. Aj bohovia Lesov života sa vedia prieť, súperiť a stratiť v nádhernom chaose vlastnej pláne. Preto medzi nimi stojí Levoslav, Kráľ lesov, prvý z bohov, ochranca Lesov a priateľ všetkých duší, ktoré volajú o pomoc. Levoslav sa narodil, keď prvé stromy roztrhli kôru sveta a ich korene sa po prvý raz dotkli hlbín. Je najstaršou dušou Lesov života. Mohutný, obrnený a nesúci múdrosť vekov, nie je iba vládcom, ale srdcom božského zhromaždenia. Nevládne strachom ale rešpektom. Ostatné božstvá sa k nemu obracajú, keď ich premôže chaos, keď vášne začnú iskriť a keď Lesy potrebujú hlas, ktorý nezakričí, ale utíši. Levoslav súdi trpezlivo, počúva dlho a mlčí bez slabosti. No keď sú Lesy ohrozené, jeho pokoj sa mení na hnev milénií. Vtedy nestojí ako sudca. Stojí ako štít. <br>Je priateľom cestovateľov, ochrancom bezhlasných a tichým svedkom všetkého, čo sa deje pod stromami. Kto vstúpi do Lesov s úctou, môže v jeho mene nájsť bezpečie. Kto však vstúpi s pýchou a sekerou v srdci, nech nezabúda:<br>Aj najláskavejší les má korene dosť silné na to, aby zadržali votrelca naveky."
#"Aurelia","Akadémia Lovcov príšer prijíma nových Mermelov","34-15-750","23-08-2026","18:30 - 21:30","Velora_01","Deň začal ako každý iný, pokotom sa však všetko zmenilo.","ArticleLeftHeader","ArticleLeftText","ArticleRightHeader","ArticleRightText"
#"Nocturna","Akadémia Lovcov príšer prijíma nových Mermelov","34-15-750","23-08-2026","18:30 - 21:30","Velora_01","Deň začal ako každý iný, pokotom sa však všetko zmenilo.","ArticleLeftHeader","ArticleLeftText","ArticleRightHeader","ArticleRightText"
#"Trailmark","Akadémia Lovcov príšer prijíma nových Mermelov","34-15-750","23-08-2026","18:30 - 21:30","Velora_01","Deň začal ako každý iný, pokotom sa však všetko zmenilo.","ArticleLeftHeader","ArticleLeftText","ArticleRightHeader","ArticleRightText"
#"The Screaming Scroll","Akadémia Lovcov príšer prijíma nových Mermelov","34-15-750","23-08-2026","18:30 - 21:30","Velora_01","Deň začal ako každý iný, pokotom sa však všetko zmenilo.","ArticleLeftHeader","ArticleLeftText","ArticleRightHeader","ArticleRightText"
#"Sylvara","Akadémia Lovcov príšer prijíma nových Mermelov","34-15-750","23-08-2026","18:30 - 21:30","Velora_01","Deň začal ako každý iný, pokotom sa však všetko zmenilo.","ArticleLeftHeader","ArticleLeftText","ArticleRightHeader","ArticleRightText"
#"Arcanum","Akadémia Lovcov príšer prijíma nových Mermelov","34-15-750","23-08-2026","18:30 - 21:30","Velora_01","Deň začal ako každý iný, pokotom sa však všetko zmenilo.","ArticleLeftHeader","ArticleLeftText","ArticleRightHeader","ArticleRightText"
#"Velora","Akadémia Lovcov príšer prijíma nových Mermelov","34-15-750","23-08-2026","18:30 - 21:30","Velora_01","Deň začal ako každý iný, pokotom sa však všetko zmenilo.","ArticleLeftHeader","ArticleLeftText","ArticleRightHeader","ArticleRightText"
#"The Watch Ledger","Akadémia Lovcov príšer prijíma nových Mermelov","34-15-750","23-08-2026","18:30 - 21:30","Velora_01","Deň začal ako každý iný, pokotom sa však všetko zmenilo.","ArticleLeftHeader","ArticleLeftText","ArticleRightHeader","ArticleRightText"